GDP pc 2011 prices,Afghanistan,Angola,Albania,United Arab Emirates,Argentina,Armenia,Australia,Austria,Azerbaijan,Burundi,Belgium,Benin,Burkina Faso,Bangladesh,Bulgaria,Bahrain,Bosnia and Herzegovina,Belarus,Bolivia (Plurinational State of),Brazil,Barbados,Botswana,Central African Republic,Canada,Switzerland,Chile,China,CÃ´te d'Ivoire,Cameroon,D.R. of the Congo,Congo,Colombia,Comoros,Cabo Verde,Costa Rica,Czechoslovakia,Cuba,Cyprus,Czech Republic,Germany,Djibouti,Dominica,Denmark,Dominican Republic,Algeria,Ecuador,Egypt,Spain,Estonia,Ethiopia,Finland,France,Gabon,United Kingdom,Georgia,Ghana,Guinea,Gambia,Guinea-Bissau,Equatorial Guinea,Greece,Guatemala,"China, Hong Kong SAR",Honduras,Croatia,Haiti,Hungary,Indonesia,India,Ireland,Iran (Islamic Republic of),Iraq,Iceland,Israel,Italy,Jamaica,Jordan,Japan,Kazakhstan,Kenya,Kyrgyzstan,Cambodia,Republic of Korea,Kuwait,Lao People's DR,Lebanon,Liberia,Libya,Saint Lucia,Sri Lanka,Lesotho,Lithuania,Luxembourg,Latvia,Morocco,Republic of Moldova,Madagascar,Mexico,TFYR of Macedonia,Mali,Malta,Myanmar,Montenegro,Mongolia,Mozambique,Mauritania,Mauritius,Malawi,Malaysia,Namibia,Niger,Nigeria,Nicaragua,Netherlands,Norway,Nepal,New Zealand,Oman,Pakistan,Panama,Peru,Philippines,Poland,Puerto Rico,D.P.R. of Korea,Portugal,Paraguay,State of Palestine,Qatar,Romania,Russian Federation,Rwanda,Saudi Arabia,Sudan (Former),Senegal,Singapore,Sierra Leone,El Salvador,Serbia,Sao Tome and Principe,Former USSR,Slovakia,Slovenia,Sweden,Swaziland,Seychelles,Syrian Arab Republic,Chad,Togo,Thailand,Tajikistan,Turkmenistan,Trinidad and Tobago,Tunisia,Turkey,"Taiwan, Province of China",U.R. of Tanzania: Mainland,Uganda,Ukraine,Uruguay,United States,Uzbekistan,Venezuela (Bolivarian Republic of),Viet Nam,Yemen,Former Yugoslavia,South Africa,Zambia,Zimbabwe
Region,South and South East Asia,Sub Saharan Africa,Eastern Europe,Middle East and North Africa,Latin America,Eastern Europe,Western Offshoots,Western Europe,Eastern Europe,Sub Saharan Africa,Western Europe,Sub Saharan Africa,Sub Saharan Africa,South and South East Asia,Eastern Europe,Middle East and North Africa,Eastern Europe,Eastern Europe,Latin America,Latin America,Latin America,Sub Saharan Africa,Sub Saharan Africa,Western Offshoots,Western Europe,Latin America,East Asia,Sub Saharan Africa,Sub Saharan Africa,Sub Saharan Africa,Sub Saharan Africa,Latin America,Sub Saharan Africa,Sub Saharan Africa,Latin America,Eastern Europe,Latin America,Eastern Europe,Eastern Europe,Western Europe,Sub Saharan Africa,Latin America,Western Europe,Latin America,Middle East and North Africa,Latin America,Middle East and North Africa,Western Europe,Eastern Europe,Sub Saharan Africa,Western Europe,Western Europe,Sub Saharan Africa,Western Europe,Eastern Europe,Sub Saharan Africa,Sub Saharan Africa,Sub Saharan Africa,Sub Saharan Africa,Sub Saharan Africa,Western Europe,Latin America,East Asia,Latin America,Eastern Europe,Latin America,Eastern Europe,South and South East Asia,South and South East Asia,Western Europe,Middle East and North Africa,Middle East and North Africa,Western Europe,Middle East and North Africa,Western Europe,Latin America,Middle East and North Africa,East Asia,Eastern Europe,Sub Saharan Africa,Eastern Europe,South and South East Asia,East Asia,Middle East and North Africa,South and South East Asia,Middle East and North Africa,Sub Saharan Africa,Middle East and North Africa,Latin America,South and South East Asia,Sub Saharan Africa,Eastern Europe,Western Europe,Eastern Europe,Middle East and North Africa,Eastern Europe,Sub Saharan Africa,Latin America,Eastern Europe,Sub Saharan Africa,Western Europe,South and South East Asia,Eastern Europe,South and South East Asia,Sub Saharan Africa,Sub Saharan Africa,Sub Saharan Africa,Sub Saharan Africa,South and South East Asia,Sub Saharan Africa,Sub Saharan Africa,Sub Saharan Africa,Latin America,Western Europe,Western Europe,South and South East Asia,Western Offshoots,Middle East and North Africa,South and South East Asia,Latin America,Latin America,South and South East Asia,Eastern Europe,Latin America,East Asia,Western Europe,Latin America,Middle East and North Africa,Middle East and North Africa,Eastern Europe,Eastern Europe,Sub Saharan Africa,Middle East and North Africa,Sub Saharan Africa,Sub Saharan Africa,South and South East Asia,Sub Saharan Africa,Latin America,Eastern Europe,Sub Saharan Africa,Eastern Europe,Eastern Europe,Eastern Europe,Western Europe,Sub Saharan Africa,Sub Saharan Africa,Middle East and North Africa,Sub Saharan Africa,Sub Saharan Africa,South and South East Asia,Eastern Europe,Eastern Europe,Latin America,Middle East and North Africa,Middle East and North Africa,East Asia,Sub Saharan Africa,Sub Saharan Africa,Eastern Europe,Latin America,Western Offshoots,Eastern Europe,Latin America,South and South East Asia,Middle East and North Africa,Eastern Europe,Sub Saharan Africa,Sub Saharan Africa,Sub Saharan Africa
year,AFG,AGO,ALB,ARE,ARG,ARM,AUS,AUT,AZE,BDI,BEL,BEN,BFA,BGD,BGR,BHR,BIH,BLR,BOL,BRA,BRB,BWA,CAF,CAN,CHE,CHL,CHN,CIV,CMR,COD,COG,COL,COM,CPV,CRI,CSK,CUB,CYP,CZE,DEU,DJI,DMA,DNK,DOM,DZA,ECU,EGY,ESP,EST,ETH,FIN,FRA,GAB,GBR,GEO,GHA,GIN,GMB,GNB,GNQ,GRC,GTM,HKG,HND,HRV,HTI,HUN,IDN,IND,IRL,IRN,IRQ,ISL,ISR,ITA,JAM,JOR,JPN,KAZ,KEN,KGZ,KHM,KOR,KWT,LAO,LBN,LBR,LBY,LCA,LKA,LSO,LTU,LUX,LVA,MAR,MDA,MDG,MEX,MKD,MLI,MLT,MMR,MNE,MNG,MOZ,MRT,MUS,MWI,MYS,NAM,NER,NGA,NIC,NLD,NOR,NPL,NZL,OMN,PAK,PAN,PER,PHL,POL,PRI,PRK,PRT,PRY,PSE,QAT,ROU,RUS,RWA,SAU,SDN,SEN,SGP,SLE,SLV,SRB,STP,SUN,SVK,SVN,SWE,SWZ,SYC,SYR,TCD,TGO,THA,TJK,TKM,TTO,TUN,TUR,TWN,TZA,UGA,UKR,URY,USA,UZB,VEN,VNM,YEM,YUG,ZAF,ZMB,ZWE
2000,  502 ,"  2,014 ","  4,808 ","  48,888 ","  14,369 ","  5,140 ","  36,603 ","  34,796 ","  4,215 ",  740 ,"  33,720 ","  1,909 ","  1,275 ","  1,485 ","  8,411 ","  17,022 ","  7,082 ","  9,111 ","  4,174 ","  9,834 ","  12,600 ","  8,044 ",  964 ,"  36,943 ","  43,251 ","  15,212 ","  4,730 ","  2,353 ","  1,961 ",  414 ,"  4,159 ","  8,497 ","  1,204 ","  3,584 ","  9,320 ","  15,378 ","  4,009 ","  22,327 ","  17,056 ","  33,367 ","  1,881 ","  5,697 ","  39,021 ","  6,788 ","  6,835 ","  6,908 ","  6,594 ","  26,995 ","  16,807 ",  772 ,"  32,690 ","  33,410 ","  10,638 ","  31,946 ","  4,892 ","  2,100 ","  1,047 ","  1,441 ","  1,231 ","  12,915 ","  20,965 ","  5,860 ","  32,894 ","  3,336 ","  13,245 ","  1,521 ","  13,129 ","  5,384 ","  2,753 ","  38,807 ","  9,105 ","  3,649 ","  33,108 ","  26,059 ","  32,717 ","  6,531 ","  7,622 ","  33,211 ","  9,309 ","  1,915 ","  3,246 ","  1,659 ","  23,108 ","  35,845 ","  2,262 ","  7,406 ",  972 ,"  9,771 ","  7,191 ","  5,841 ","  1,967 ","  10,807 ","  50,064 ","  11,310 ","  4,754 ","  2,990 ","  1,239 ","  12,613 ","  8,084 ","  1,153 ","  20,435 ","  1,843 ","  6,046 ","  2,936 ","  1,196 ","  1,935 ","  14,272 ",  967 ,"  13,475 ","  5,972 ",  693 ,"  2,145 ","  2,859 ","  37,900 ","  54,040 ","  1,677 ","  26,823 ","  24,186 ","  3,155 ","  9,899 ","  6,038 ","  4,034 ","  12,732 ","  27,392 ","  1,657 ","  23,372 ","  4,896 ","  5,377 ","  45,788 ","  7,090 ","  10,553 ","  1,024 ","  23,905 ","  1,951 ","  1,984 ","  37,773 ",  829 ,"  5,404 ","  6,060 ","  2,219 ","  8,194 ","  13,905 ","  21,501 ","  34,203 ","  4,895 ","  14,380 ","  7,668 ",  716 ,"  1,150 ","  9,627 ","  1,723 ","  4,173 ","  19,180 ","  7,548 ","  11,904 ","  26,787 ","  1,149 ","  1,192 ","  5,166 ","  13,050 ","  45,886 ","  4,667 ","  13,993 ","  2,773 ","  4,212 ","  8,473 ","  7,583 ","  1,429 ","  2,211 "
2001,  490 ,"  2,162 ","  5,286 ","  51,263 ","  13,652 ","  5,458 ","  37,276 ","  35,272 ","  4,499 ",  730 ,"  33,923 ","  1,928 ","  1,283 ","  1,551 ","  8,832 ","  18,153 ","  7,129 ","  9,462 ","  4,166 ","  9,953 ","  12,112 ","  8,083 ",  953 ,"  37,307 ","  44,399 ","  15,448 ","  4,995 ","  2,343 ","  2,029 ",  404 ,"  4,257 ","  8,528 ","  1,217 ","  3,799 ","  9,452 ","  16,000 ","  4,231 ","  23,096 ","  17,869 ","  34,260 ","  1,846 ","  5,800 ","  39,426 ","  6,917 ","  7,218 ","  7,131 ","  6,915 ","  28,154 ","  17,697 ",  784 ,"  33,482 ","  33,920 ","  11,105 ","  32,660 ","  5,125 ","  2,143 ","  1,091 ","  1,495 ","  1,233 ","  21,168 ","  21,914 ","  5,883 ","  32,734 ","  3,365 ","  13,818 ","  1,501 ","  13,934 ","  5,526 ","  2,838 ","  40,966 ","  9,621 ","  4,148 ","  33,794 ","  25,427 ","  33,511 ","  6,615 ","  7,983 ","  33,246 ","  10,589 ","  1,972 ","  3,358 ","  1,726 ","  23,804 ","  37,226 ","  2,365 ","  7,837 ","  1,097 ","  10,354 ","  7,014 ","  5,621 ","  1,997 ","  11,607 ","  50,528 ","  12,104 ","  5,042 ","  3,151 ","  1,290 ","  12,565 ","  7,835 ","  1,309 ","  20,413 ","  1,996 ","  6,430 ","  3,134 ","  1,219 ","  1,964 ","  14,348 ",  899 ,"  13,307 ","  5,888 ",  723 ,"  2,283 ","  2,944 ","  38,636 ","  56,578 ","  1,738 ","  27,167 ","  26,431 ","  3,177 ","  9,805 ","  6,010 ","  4,090 ","  13,018 ","  29,517 ","  1,704 ","  23,751 ","  4,918 ","  4,626 ","  50,526 ","  7,860 ","  11,391 ","  1,067 ","  24,192 ","  2,076 ","  2,010 ","  36,865 ",  923 ,"  5,550 ","  6,543 ","  2,246 ","  8,850 ","  14,362 ","  22,007 ","  34,667 ","  4,977 ","  14,221 ","  7,509 ",  783 ,"  1,116 ","  9,819 ","  1,845 ","  5,014 ","  19,737 ","  7,848 ","  10,951 ","  26,204 ","  1,214 ","  1,256 ","  5,794 ","  12,464 ","  45,878 ","  4,725 ","  14,298 ","  2,916 ","  4,249 ","  8,828 ","  7,840 ","  1,504 ","  2,194 "
2002,  797 ,"  2,523 ","  5,609 ","  54,077 ","  12,095 ","  6,082 ","  38,567 ","  35,824 ","  4,880 ",  737 ,"  34,420 ","  1,934 ","  1,256 ","  1,621 ","  9,472 ","  19,488 ","  7,392 ","  9,870 ","  4,194 ","  10,245 ","  12,025 ","  8,604 ",  929 ,"  38,124 ","  44,934 ","  15,510 ","  5,343 ","  2,298 ","  2,085 ",  414 ,"  4,459 ","  8,631 ","  1,230 ","  3,998 ","  9,592 ","  16,595 ","  4,369 ","  23,828 ","  18,431 ","  34,591 ","  1,824 ","  5,771 ","  39,709 ","  7,327 ","  7,815 ","  7,360 ","  7,143 ","  28,753 ","  18,589 ",  794 ,"  33,987 ","  34,153 ","  11,141 ","  33,271 ","  5,407 ","  2,192 ","  1,149 ","  1,473 ","  1,196 ","  24,845 ","  22,894 ","  5,980 ","  33,038 ","  3,431 ","  14,684 ","  1,494 ","  14,899 ","  5,720 ","  2,871 ","  43,013 ","  10,467 ","  4,632 ","  33,470 ","  24,824 ","  33,780 ","  6,661 ","  8,394 ","  33,195 ","  11,640 ","  1,962 ","  3,299 ","  1,771 ","  25,251 ","  39,943 ","  2,487 ","  8,248 ","  1,343 ","  10,788 ","  7,142 ","  5,721 ","  1,959 ","  12,491 ","  51,710 ","  13,015 ","  5,141 ","  3,374 ","  1,111 ","  12,646 ","  7,964 ","  1,321 ","  20,874 ","  2,176 ","  6,898 ","  3,402 ","  1,200 ","  1,967 ","  14,196 ",  886 ,"  13,810 ","  6,069 ",  735 ,"  2,609 ","  2,969 ","  38,653 ","  58,840 ","  1,710 ","  28,066 ","  27,142 ","  3,266 ","  9,879 ","  6,274 ","  4,181 ","  13,416 ","  30,218 ","  1,711 ","  23,896 ","  5,571 ","  3,842 ","  57,541 ","  8,674 ","  12,259 ","  1,154 ","  24,054 ","  2,206 ","  1,960 ","  37,830 ","  1,102 ","  5,751 ","  7,156 ","  2,250 ","  9,488 ","  14,985 ","  22,725 ","  35,570 ","  5,137 ","  14,581 ","  7,530 ",  832 ,"  1,082 ","  10,276 ","  1,983 ","  5,796 ","  21,052 ","  7,917 ","  11,754 ","  27,426 ","  1,293 ","  1,301 ","  6,263 ","  11,400 ","  46,266 ","  4,777 ","  12,856 ","  3,071 ","  4,292 ","  9,266 ","  8,171 ","  1,579 ","  2,025 "
2003,  843 ,"  2,712 ","  6,005 ","  59,823 ","  13,089 ","  6,743 ","  39,524 ","  36,063 ","  5,409 ",  704 ,"  34,588 ","  1,920 ","  1,278 ","  1,711 ","  10,081 ","  21,392 ","  7,551 ","  10,493 ","  4,230 ","  10,355 ","  12,095 ","  9,043 ",  846 ,"  38,560 ","  45,442 ","  15,809 ","  5,649 ","  2,263 ","  2,144 ",  436 ,"  4,468 ","  8,855 ","  1,240 ","  4,185 ","  9,831 ","  17,407 ","  4,507 ","  24,347 ","  19,344 ","  34,716 ","  1,946 ","  6,322 ","  39,983 ","  7,325 ","  8,590 ","  7,469 ","  7,366 ","  29,372 ","  19,772 ",  765 ,"  34,607 ","  34,292 ","  11,666 ","  34,232 ","  6,013 ","  2,257 ","  1,146 ","  1,479 ","  1,182 ","  27,571 ","  24,380 ","  6,004 ","  33,594 ","  3,527 ","  15,740 ","  1,496 ","  15,830 ","  5,939 ","  3,036 ","  44,373 ","  11,503 ","  3,782 ","  33,921 ","  24,545 ","  33,918 ","  6,909 ","  8,670 ","  33,620 ","  12,726 ","  1,998 ","  3,465 ","  1,850 ","  25,679 ","  48,810 ","  2,625 ","  8,671 ",  852 ,"  12,871 ","  7,602 ","  5,964 ","  2,003 ","  13,918 ","  51,717 ","  14,142 ","  5,387 ","  3,575 ","  1,198 ","  12,794 ","  8,160 ","  1,391 ","  21,273 ","  2,411 ","  7,445 ","  3,775 ","  1,156 ","  2,076 ","  14,623 ",  906 ,"  14,362 ","  6,082 ",  758 ,"  2,848 ","  3,049 ","  38,804 ","  60,852 ","  1,748 ","  28,876 ","  27,314 ","  3,438 ","  10,154 ","  6,472 ","  4,333 ","  14,036 ","  30,688 ","  1,730 ","  23,678 ","  5,727 ","  4,158 ","  62,234 ","  9,369 ","  13,521 ","  1,130 ","  27,367 ","  2,373 ","  2,025 ","  38,951 ","  1,157 ","  5,957 ","  7,638 ","  2,363 ","  10,391 ","  15,773 ","  23,257 ","  36,436 ","  5,378 ","  13,836 ","  6,987 ",  926 ,"  1,114 ","  10,869 ","  2,136 ","  6,785 ","  23,814 ","  8,282 ","  12,380 ","  28,349 ","  1,370 ","  1,335 ","  7,030 ","  11,439 ","  47,158 ","  4,845 ","  11,728 ","  3,242 ","  4,327 ","  9,686 ","  8,451 ","  1,699 ","  1,701 "
2004,  869 ,"  3,064 ","  6,420 ","  64,926 ","  14,183 ","  7,230 ","  40,888 ","  36,957 ","  5,971 ",  710 ,"  35,740 ","  1,924 ","  1,269 ","  1,813 ","  10,854 ","  23,390 ","  7,857 ","  11,616 ","  4,331 ","  10,950 ","  12,079 ","  9,330 ",  853 ,"  39,492 ","  47,264 ","  16,479 ","  6,068 ","  2,281 ","  2,198 ",  464 ,"  4,561 ","  9,211 ","  1,247 ","  4,368 ","  10,087 ","  18,389 ","  4,561 ","  25,355 ","  20,555 ","  35,529 ","  2,097 ","  6,603 ","  41,179 ","  7,441 ","  9,182 ","  7,959 ","  7,662 ","  30,088 ","  20,804 ",  771 ,"  35,889 ","  35,094 ","  12,023 ","  34,866 ","  6,343 ","  2,330 ","  1,160 ","  1,586 ","  1,195 ","  33,420 ","  25,780 ","  6,070 ","  36,053 ","  3,687 ","  16,629 ","  1,439 ","  16,999 ","  6,181 ","  3,213 ","  47,029 ","  12,404 ","  6,062 ","  36,209 ","  25,211 ","  34,472 ","  7,005 ","  9,289 ","  34,314 ","  13,930 ","  2,066 ","  3,632 ","  1,966 ","  26,647 ","  55,912 ","  2,785 ","  9,492 ",  761 ,"  14,193 ","  8,322 ","  6,192 ","  2,004 ","  14,996 ","  52,624 ","  15,371 ","  5,584 ","  3,813 ","  1,240 ","  13,288 ","  8,561 ","  1,367 ","  21,233 ","  2,665 ","  8,194 ","  4,334 ","  1,126 ","  2,186 ","  14,855 ",  923 ,"  15,087 ","  6,713 ",  725 ,"  3,137 ","  3,220 ","  39,682 ","  64,824 ","  1,802 ","  29,807 ","  28,607 ","  3,665 ","  10,770 ","  6,731 ","  4,563 ","  14,906 ","  32,111 ","  1,754 ","  24,143 ","  5,877 ","  4,359 ","  74,373 ","  10,531 ","  14,881 ","  1,159 ","  30,234 ","  2,461 ","  2,075 ","  42,111 ","  1,197 ","  6,146 ","  8,512 ","  2,409 ","  11,429 ","  16,571 ","  24,151 ","  38,016 ","  5,559 ","  13,736 ","  7,051 ","  1,200 ","  1,122 ","  11,408 ","  2,301 ","  7,782 ","  25,403 ","  8,705 ","  13,424 ","  29,975 ","  1,464 ","  1,365 ","  8,049 ","  11,955 ","  48,493 ","  5,068 ","  13,713 ","  3,438 ","  4,371 ","  10,317 ","  8,878 ","  1,828 ","  1,605 "
2005,  964 ,"  3,709 ","  6,858 ","  65,599 ","  15,344 ","  8,007 ","  41,904 ","  37,643 ","  7,554 ",  692 ,"  36,338 ","  1,876 ","  1,310 ","  1,926 ","  11,758 ","  25,231 ","  8,058 ","  12,630 ","  4,445 ","  11,306 ","  12,379 ","  9,798 ",  859 ,"  40,485 ","  49,274 ","  17,137 ","  6,627 ","  2,313 ","  2,223 ",  491 ,"  4,821 ","  9,525 ","  1,266 ","  4,659 ","  10,308 ","  19,774 ","  4,714 ","  26,164 ","  22,129 ","  36,206 ","  2,127 ","  6,698 ","  42,265 ","  8,156 ","  9,970 ","  8,257 ","  8,022 ","  30,886 ","  22,519 ",  829 ,"  36,787 ","  35,495 ","  12,438 ","  35,624 ","  6,850 ","  2,411 ","  1,187 ","  1,542 ","  1,227 ","  35,570 ","  26,092 ","  6,130 ","  38,192 ","  3,851 ","  17,581 ","  1,462 ","  18,141 ","  6,482 ","  3,397 ","  49,223 ","  13,110 ","  6,441 ","  37,884 ","  25,686 ","  34,872 ","  7,074 ","  9,861 ","  34,858 ","  15,234 ","  2,158 ","  3,554 ","  2,145 ","  27,443 ","  62,960 ","  2,949 ","  9,933 ",  755 ,"  16,539 ","  8,419 ","  6,491 ","  2,014 ","  16,418 ","  53,262 ","  17,070 ","  5,708 ","  4,074 ","  1,276 ","  13,656 ","  8,985 ","  1,415 ","  21,905 ","  2,947 ","  9,002 ","  4,822 ","  1,108 ","  2,371 ","  14,725 ",  920 ,"  15,651 ","  6,808 ",  757 ,"  3,348 ","  3,371 ","  40,679 ","  68,109 ","  1,836 ","  30,270 ","  30,393 ","  3,884 ","  11,389 ","  7,091 ","  4,721 ","  15,581 ","  32,014 ","  1,808 ","  24,378 ","  5,923 ","  4,590 ","  76,808 ","  11,314 ","  16,243 ","  1,211 ","  32,700 ","  2,643 ","  2,121 ","  44,699 ","  1,224 ","  6,441 ","  9,198 ","  2,533 ","  12,426 ","  17,650 ","  24,967 ","  39,259 ","  5,867 ","  15,173 ","  7,038 ","  1,266 ","  1,120 ","  11,742 ","  2,417 ","  8,792 ","  26,652 ","  8,983 ","  14,488 ","  31,374 ","  1,554 ","  1,451 ","  8,497 ","  12,757 ","  49,655 ","  5,284 ","  14,944 ","  3,638 ","  4,486 ","  10,882 ","  9,394 ","  1,970 ","  1,496 "
2006,"  1,057 ","  4,592 ","  7,347 ","  67,831 ","  16,490 ","  8,799 ","  42,651 ","  38,867 ","  10,160 ",  703 ,"  37,052 ","  1,871 ","  1,323 ","  2,058 ","  12,706 ","  26,840 ","  8,411 ","  13,793 ","  4,582 ","  11,767 ","  12,890 ","  10,666 ",  881 ,"  41,247 ","  51,863 ","  17,921 ","  7,271 ","  2,344 ","  2,270 ",  515 ,"  5,016 ","  10,040 ","  1,388 ","  5,141 ","  10,880 ","  21,409 ","  5,416 ","  27,142 ","  23,888 ","  38,014 ","  2,342 ","  7,134 ","  44,025 ","  9,060 ","  10,386 ","  8,522 ","  8,510 ","  31,907 ","  24,579 ",  881 ,"  38,161 ","  36,166 ","  12,343 ","  36,214 ","  7,398 ","  2,504 ","  1,188 ","  1,531 ","  1,234 ","  36,616 ","  27,731 ","  6,306 ","  40,173 ","  4,045 ","  18,707 ","  1,493 ","  19,253 ","  6,783 ","  3,629 ","  51,296 ","  14,186 ","  7,118 ","  38,707 ","  26,571 ","  35,714 ","  7,287 ","  10,405 ","  35,333 ","  16,787 ","  2,255 ","  3,595 ","  2,286 ","  28,516 ","  68,546 ","  2,896 ","  10,237 ",  769 ,"  18,657 ","  9,135 ","  6,904 ","  2,056 ","  17,916 ","  54,921 ","  19,129 ","  6,077 ","  4,243 ","  1,322 ","  14,288 ","  9,466 ","  1,438 ","  22,234 ","  3,247 ","  10,308 ","  5,427 ","  1,099 ","  2,807 ","  15,043 ",  929 ,"  16,354 ","  7,209 ",  771 ,"  3,565 ","  3,526 ","  42,287 ","  71,311 ","  1,884 ","  30,799 ","  33,375 ","  4,063 ","  12,196 ","  7,561 ","  4,909 ","  16,711 ","  32,195 ","  1,778 ","  24,809 ","  6,129 ","  4,193 ","  90,121 ","  12,823 ","  18,008 ","  1,262 ","  34,483 ","  2,904 ","  2,104 ","  48,074 ","  1,247 ","  6,782 ","  9,902 ","  2,714 ","  13,750 ","  19,099 ","  26,183 ","  40,992 ","  6,188 ","  16,825 ","  6,902 ","  1,226 ","  1,145 ","  12,181 ","  2,525 ","  9,752 ","  29,792 ","  9,420 ","  15,425 ","  32,867 ","  1,622 ","  1,501 ","  9,356 ","  13,224 ","  50,490 ","  5,535 ","  16,254 ","  3,829 ","  4,497 ","  11,599 ","  9,978 ","  2,134 ","  1,456 "
2007,"  1,260 ","  5,774 ","  7,866 ","  65,413 ","  17,892 ","  9,713 ","  44,034 ","  40,305 ","  12,699 ",  701 ,"  38,083 ","  1,905 ","  1,309 ","  2,194 ","  13,785 ","  28,885 ","  8,812 ","  14,857 ","  4,713 ","  12,500 ","  12,917 ","  11,602 ",  897 ,"  41,807 ","  54,510 ","  18,488 ","  7,896 ","  2,380 ","  2,316 ",  546 ,"  4,845 ","  10,602 ","  1,383 ","  5,598 ","  11,585 ","  23,146 ","  5,636 ","  28,110 ","  25,383 ","  39,752 ","  2,396 ","  7,699 ","  44,481 ","  9,866 ","  10,975 ","  8,634 ","  9,131 ","  32,735 ","  26,178 ",  936 ,"  39,999 ","  36,846 ","  13,456 ","  36,817 ","  8,300 ","  2,553 ","  1,253 ","  1,558 ","  1,253 ","  41,278 ","  28,823 ","  6,546 ","  42,231 ","  4,237 ","  19,984 ","  1,542 ","  19,764 ","  7,157 ","  3,871 ","  52,322 ","  15,467 ","  7,588 ","  41,111 ","  27,625 ","  36,311 ","  7,402 ","  10,939 ","  35,893 ","  18,181 ","  2,381 ","  3,831 ","  2,423 ","  29,717 ","  73,097 ","  3,389 ","  11,277 ",  768 ,"  20,732 ","  9,378 ","  7,284 ","  2,107 ","  20,138 ","  58,370 ","  21,042 ","  6,228 ","  4,343 ","  1,384 ","  14,685 ","  10,099 ","  1,441 ","  23,048 ","  3,543 ","  12,027 ","  6,197 ","  1,068 ","  2,875 ","  15,519 ",  982 ,"  17,210 ","  7,510 ",  766 ,"  3,817 ","  3,730 ","  44,009 ","  74,880 ","  1,927 ","  31,784 ","  36,425 ","  4,160 ","  13,492 ","  8,138 ","  5,173 ","  18,067 ","  32,511 ","  1,747 ","  25,477 ","  6,383 ","  4,251 ","  97,913 ","  14,419 ","  20,018 ","  1,291 ","  36,070 ","  3,234 ","  2,138 ","  51,844 ","  1,321 ","  7,139 ","  10,769 ","  2,752 ","  15,216 ","  21,110 ","  27,833 ","  42,400 ","  6,468 ","  18,833 ","  6,780 ","  1,422 ","  1,146 ","  12,695 ","  2,647 ","  10,829 ","  30,806 ","  9,933 ","  16,091 ","  34,761 ","  1,754 ","  1,570 ","  10,356 ","  13,976 ","  50,902 ","  5,908 ","  17,386 ","  4,037 ","  4,516 ","  12,462 ","  10,576 ","  2,319 ","  1,422 "
2008,"  1,320 ","  6,744 ","  8,522 ","  63,862 ","  18,520 ","  10,081 ","  44,422 ","  40,965 ","  14,073 ",  709 ,"  38,117 ","  1,920 ","  1,315 ","  2,321 ","  14,762 ","  30,612 ","  9,199 ","  16,224 ","  4,924 ","  13,164 ","  12,786 ","  12,385 ",  902 ,"  41,896 ","  56,055 ","  18,804 ","  8,190 ","  2,435 ","  2,353 ",  579 ,"  5,081 ","  10,847 ","  1,419 ","  5,985 ","  11,935 ","  24,257 ","  6,005 ","  28,737 ","  26,186 ","  40,715 ","  2,463 ","  8,454 ","  44,246 ","  10,226 ","  11,475 ","  9,104 ","  9,698 ","  32,844 ","  24,429 ",  990 ,"  40,130 ","  36,762 ","  13,330 ","  36,265 ","  8,462 ","  2,726 ","  1,290 ","  1,618 ","  1,271 ","  47,562 ","  28,908 ","  6,605 ","  42,635 ","  4,359 ","  20,717 ","  1,555 ","  20,381 ","  7,633 ","  4,031 ","  49,583 ","  15,740 ","  8,587 ","  40,810 ","  27,858 ","  35,943 ","  7,353 ","  11,378 ","  35,496 ","  18,666 ","  2,357 ","  4,047 ","  2,482 ","  30,118 ","  75,138 ","  3,614 ","  12,479 ",  811 ,"  25,141 ","  9,932 ","  7,622 ","  2,178 ","  20,880 ","  56,383 ","  20,342 ","  6,531 ","  4,652 ","  1,459 ","  14,808 ","  10,674 ","  1,460 ","  23,675 ","  3,586 ","  13,550 ","  6,982 ","  1,031 ","  2,896 ","  15,958 ","  1,018 ","  17,866 ","  7,618 ",  809 ,"  4,084 ","  3,857 ","  44,841 ","  76,522 ","  2,021 ","  31,445 ","  40,910 ","  4,224 ","  14,467 ","  8,813 ","  5,329 ","  19,012 ","  32,604 ","  1,795 ","  25,591 ","  6,713 ","  4,287 ","  107,402 ","  16,347 ","  21,563 ","  1,365 ","  39,393 ","  3,479 ","  2,147 ","  52,180 ","  1,363 ","  7,313 ","  11,650 ","  2,926 ","  16,227 ","  22,232 ","  28,474 ","  42,190 ","  6,791 ","  18,687 ","  6,600 ","  1,422 ","  1,150 ","  12,768 ","  2,802 ","  12,427 ","  31,434 ","  10,295 ","  16,183 ","  34,762 ","  1,848 ","  1,679 ","  10,824 ","  14,870 ","  50,276 ","  6,278 ","  18,019 ","  4,200 ","  4,549 ","  13,125 ","  10,977 ","  2,505 ","  1,198 "
2009,"  1,557 ","  7,088 ","  8,859 ","  58,861 ","  17,329 ","  8,399 ","  44,687 ","  39,464 ","  15,384 ",  709 ,"  36,999 ","  1,889 ","  1,287 ","  2,449 ","  14,363 ","  31,730 ","  9,019 ","  16,089 ","  5,011 ","  13,181 ","  12,094 ","  11,495 ",  899 ,"  40,313 ","  55,172 ","  18,184 ","  8,734 ","  2,509 ","  2,370 ",  595 ,"  5,379 ","  10,894 ","  1,455 ","  5,927 ","  11,638 ","  23,659 ","  6,248 ","  27,735 ","  25,094 ","  38,963 ","  2,522 ","  8,512 ","  42,090 ","  10,366 ","  11,907 ","  9,081 ","  10,159 ","  31,670 ","  20,538 ","  1,044 ","  36,663 ","  35,535 ","  13,618 ","  34,402 ","  8,062 ","  2,794 ","  1,255 ","  1,693 ","  1,292 ","  47,161 ","  27,840 ","  6,489 ","  41,076 ","  4,200 ","  19,502 ","  1,604 ","  19,461 ","  7,936 ","  4,271 ","  47,376 ","  16,575 ","  9,269 ","  37,702 ","  27,645 ","  34,055 ","  7,115 ","  11,651 ","  33,590 ","  18,751 ","  2,405 ","  4,076 ","  2,433 ","  29,968 ","  70,073 ","  3,844 ","  14,039 ",  838 ,"  26,404 ","  10,062 ","  7,797 ","  2,199 ","  17,983 ","  52,731 ","  17,582 ","  6,741 ","  4,343 ","  1,368 ","  14,027 ","  10,658 ","  1,477 ","  22,928 ","  3,673 ","  13,459 ","  7,127 ",  992 ,"  2,856 ","  16,029 ","  1,062 ","  17,430 ","  7,548 ",  775 ,"  4,416 ","  3,772 ","  43,179 ","  76,626 ","  2,085 ","  31,233 ","  44,245 ","  4,288 ","  14,516 ","  8,836 ","  5,338 ","  19,718 ","  32,648 ","  1,769 ","  24,902 ","  6,377 ","  4,426 ","  115,283 ","  15,866 ","  20,336 ","  1,384 ","  39,672 ","  3,580 ","  2,129 ","  51,344 ","  1,378 ","  7,166 ","  11,577 ","  2,950 ","  15,417 ","  20,953 ","  25,906 ","  40,116 ","  7,011 ","  18,744 ","  6,587 ","  1,533 ","  1,166 ","  12,543 ","  2,854 ","  13,188 ","  29,657 ","  10,533 ","  15,188 ","  33,974 ","  1,947 ","  1,757 ","  9,381 ","  15,144 ","  48,453 ","  6,618 ","  17,243 ","  4,360 ","  4,594 ","  14,028 ","  10,873 ","  2,743 ","  1,285 "
2010,"  1,628 ","  7,521 ","  9,223 ","  60,112 ","  18,980 ","  8,331 ","  45,400 ","  40,288 ","  16,154 ",  718 ,"  37,739 ","  1,855 ","  1,326 ","  2,599 ","  14,686 ","  34,058 ","  8,982 ","  17,172 ","  5,142 ","  14,216 ","  11,954 ","  12,545 ",  910 ,"  41,209 ","  57,219 ","  18,910 ","  9,658 ","  2,555 ","  2,420 ",  637 ,"  5,738 ","  11,192 ","  1,433 ","  6,034 ","  12,032 ","  24,573 ","  6,578 ","  27,630 ","  25,922 ","  41,110 ","  2,544 ","  8,768 ","  42,932 ","  11,276 ","  12,588 ","  9,327 ","  10,719 ","  31,786 ","  20,713 ","  1,106 ","  37,615 ","  36,087 ","  14,927 ","  34,754 ","  8,443 ","  2,946 ","  1,292 ","  1,773 ","  1,329 ","  42,038 ","  26,517 ","  6,526 ","  43,171 ","  4,306 ","  19,511 ","  1,557 ","  20,036 ","  8,386 ","  4,526 ","  48,624 ","  17,751 ","  10,274 ","  36,273 ","  28,576 ","  34,766 ","  7,026 ","  11,601 ","  35,011 ","  19,965 ","  2,580 ","  3,978 ","  2,427 ","  31,538 ","  68,865 ","  4,114 ","  15,622 ",  854 ,"  29,157 ","  10,059 ","  8,320 ","  2,314 ","  18,664 ","  54,086 ","  17,140 ","  6,932 ","  4,615 ","  1,350 ","  14,697 ","  11,038 ","  1,505 ","  23,633 ","  3,773 ","  14,510 ","  7,830 ",  957 ,"  2,983 ","  16,269 ","  1,092 ","  18,574 ","  7,906 ",  810 ,"  4,905 ","  3,917 ","  43,812 ","  78,476 ","  2,152 ","  31,586 ","  46,182 ","  4,354 ","  15,169 ","  9,508 ","  5,694 ","  20,609 ","  33,195 ","  1,751 ","  25,463 ","  7,139 ","  4,549 ","  134,803 ","  16,377 ","  21,737 ","  1,416 ","  42,738 ","  3,707 ","  2,151 ","  58,613 ","  1,421 ","  7,351 ","  11,964 ","  3,093 ","  16,345 ","  21,941 ","  26,001 ","  42,635 ","  7,193 ","  20,147 ","  6,521 ","  1,720 ","  1,191 ","  13,344 ","  2,976 ","  14,397 ","  30,236 ","  10,722 ","  16,528 ","  37,385 ","  2,069 ","  1,831 ","  9,601 ","  16,416 ","  49,267 ","  7,003 ","  17,106 ","  4,572 ","  4,812 ","  14,251 ","  11,319 ","  3,032 ","  1,402 "
2011,"  1,792 ","  8,016 ","  9,484 ","  65,307 ","  20,003 ","  8,465 ","  46,132 ","  41,446 ","  16,176 ",  719 ,"  38,130 ","  1,836 ","  1,344 ","  2,772 ","  15,112 ","  36,372 ","  8,961 ","  17,918 ","  5,331 ","  14,831 ","  11,870 ","  13,376 ",  909 ,"  42,197 ","  58,686 ","  19,705 ","  10,221 ","  2,444 ","  2,494 ",  681 ,"  5,875 ","  11,788 ","  1,479 ","  6,295 ","  12,366 ","  25,289 ","  6,928 ","  27,272 ","  26,725 ","  43,189 ","  2,590 ","  8,944 ","  43,575 ","  11,679 ","  13,204 ","  9,985 ","  10,737 ","  31,600 ","  21,997 ","  1,199 ","  38,432 ","  36,691 ","  16,403 ","  34,971 ","  8,946 ","  3,283 ","  1,347 ","  1,669 ","  1,413 ","  43,841 ","  24,349 ","  6,650 ","  44,532 ","  4,421 ","  19,813 ","  1,648 ","  20,886 ","  8,849 ","  4,768 ","  48,980 ","  18,024 ","  11,484 ","  36,740 ","  29,370 ","  35,151 ","  7,141 ","  11,615 ","  34,979 ","  21,302 ","  2,712 ","  4,142 ","  2,496 ","  32,225 ","  77,126 ","  4,401 ","  16,230 ",  820 ,"  12,893 ","  10,255 ","  8,918 ","  2,346 ","  20,243 ","  54,031 ","  18,428 ","  7,226 ","  4,892 ","  1,347 ","  15,210 ","  11,321 ","  1,500 ","  23,871 ","  3,884 ","  15,747 ","  9,484 ",  925 ,"  3,104 ","  16,483 ","  1,102 ","  19,390 ","  8,203 ",  799 ,"  5,136 ","  4,189 ","  44,591 ","  80,623 ","  2,189 ","  32,057 ","  44,454 ","  4,464 ","  16,762 ","  10,044 ","  5,851 ","  21,837 ","  33,981 ","  1,757 ","  25,133 ","  7,377 ","  4,863 ","  155,533 ","  17,174 ","  23,130 ","  1,449 ","  48,470 ","  3,669 ","  2,123 ","  61,672 ","  1,479 ","  7,607 ","  12,463 ","  3,179 ","  17,391 ","  22,483 ","  26,004 ","  42,079 ","  7,389 ","  21,545 ","  5,979 ","  1,661 ","  1,227 ","  13,318 ","  3,111 ","  16,518 ","  29,745 ","  10,437 ","  17,919 ","  38,565 ","  2,227 ","  1,890 ","  10,333 ","  17,211 ","  49,675 ","  7,396 ","  17,746 ","  4,786 ","  4,088 ","  14,540 ","  11,838 ","  3,205 ","  1,515 "
2012,"  1,945 ","  8,377 ","  9,634 ","  66,007 ","  19,574 ","  9,076 ","  47,045 ","  41,541 ","  16,365 ",  727 ,"  38,173 ","  1,867 ","  1,388 ","  2,914 ","  15,315 ","  36,711 ","  8,895 ","  18,245 ","  5,504 ","  14,985 ","  11,860 ","  13,134 ",  916 ,"  42,476 ","  58,751 ","  20,691 ","  10,947 ","  2,649 ","  2,537 ",  715 ,"  6,300 ","  12,130 ","  1,509 ","  6,273 ","  12,800 ","  25,211 ","  7,138 ","  25,933 ","  26,483 ","  43,288 ","  2,654 ","  8,823 ","  43,510 ","  11,854 ","  13,393 ","  10,399 ","  10,775 ","  30,645 ","  22,784 ","  1,292 ","  37,715 ","  36,626 ","  16,682 ","  35,244 ","  9,497 ","  3,467 ","  1,397 ","  1,725 ","  1,361 ","  46,255 ","  22,746 ","  6,718 ","  44,795 ","  4,518 ","  19,414 ","  1,674 ","  20,732 ","  9,272 ","  4,982 ","  47,360 ","  17,557 ","  12,522 ","  36,934 ","  29,581 ","  34,010 ","  7,120 ","  11,705 ","  35,537 ","  22,090 ","  2,755 ","  4,104 ","  2,649 ","  32,826 ","  80,657 ","  4,670 ","  16,285 ",  853 ,"  25,303 ","  10,067 ","  9,599 ","  2,456 ","  21,305 ","  53,675 ","  19,970 ","  7,355 ","  4,914 ","  1,351 ","  15,548 ","  11,256 ","  1,449 ","  24,630 ","  4,091 ","  15,421 ","  10,493 ",  965 ,"  3,213 ","  17,021 ","  1,089 ","  20,162 ","  8,482 ",  850 ,"  5,216 ","  4,376 ","  43,968 ","  81,725 ","  2,258 ","  32,715 ","  47,428 ","  4,538 ","  18,051 ","  10,606 ","  6,156 ","  22,170 ","  34,395 ","  1,771 ","  24,211 ","  7,232 ","  5,054 ","  154,340 ","  17,581 ","  24,020 ","  1,529 ","  49,835 ","  2,983 ","  2,141 ","  62,856 ","  1,665 ","  7,726 ","  12,438 ","  3,217 ","  17,985 ","  22,745 ","  25,269 ","  41,523 ","  7,552 ","  22,130 ","  4,444 ","  1,743 ","  1,263 ","  14,202 ","  3,284 ","  17,334 ","  30,944 ","  10,751 ","  18,539 ","  39,291 ","  2,271 ","  1,879 ","  10,382 ","  17,776 ","  50,436 ","  7,847 ","  18,486 ","  4,988 ","  4,064 ","  14,331 ","  11,938 ","  3,345 ","  1,750 "
2013,"  2,025 ","  8,464 ","  9,749 ","  66,825 ","  19,822 ","  9,395 ","  47,261 ","  41,302 ","  17,146 ",  738 ,"  38,170 ","  1,939 ","  1,424 ","  3,057 ","  15,314 ","  37,704 ","  9,113 ","  18,456 ","  5,776 ","  15,305 ","  11,809 ","  14,356 ",  567 ,"  43,009 ","  59,120 ","  21,171 ","  11,731 ","  2,822 ","  2,591 ",  757 ,"  6,140 ","  12,633 ","  1,619 ","  6,234 ","  12,953 ","  25,237 ","  7,379 ","  24,282 ","  26,468 ","  43,359 ","  2,724 ","  9,145 ","  43,744 ","  12,290 ","  13,508 ","  10,761 ","  10,871 ","  30,327 ","  23,204 ","  1,385 ","  37,203 ","  36,647 ","  16,964 ","  35,661 ","  9,857 ","  3,622 ","  1,421 ","  1,767 ","  1,378 ","  43,209 ","  22,335 ","  6,813 ","  45,998 ","  4,561 ","  19,403 ","  1,722 ","  21,164 ","  9,676 ","  5,224 ","  48,181 ","  16,843 ","  12,877 ","  38,245 ","  30,317 ","  33,317 ","  7,148 ","  10,834 ","  36,312 ","  23,110 ","  2,786 ","  4,510 ","  2,814 ","  33,712 ","  80,099 ","  4,961 ","  15,146 ",  900 ,"  20,190 ","  10,037 ","  9,899 ","  2,559 ","  22,286 ","  53,973 ","  20,582 ","  7,600 ","  5,414 ","  1,345 ","  15,615 ","  11,568 ","  1,444 ","  25,611 ","  4,371 ","  16,064 ","  11,545 ","  1,004 ","  3,319 ","  17,556 ","  1,113 ","  20,819 ","  8,789 ",  861 ,"  5,356 ","  4,527 ","  43,783 ","  81,564 ","  2,316 ","  33,109 ","  48,901 ","  4,638 ","  18,979 ","  11,173 ","  6,466 ","  22,378 ","  34,736 ","  1,781 ","  24,120 ","  7,736 ","  5,054 ","  155,657 ","  17,691 ","  24,390 ","  1,552 ","  50,021 ","  2,973 ","  2,127 ","  64,822 ","  1,965 ","  7,845 ","  12,860 ","  3,314 ","  18,324 ","  22,861 ","  24,975 ","  41,662 ","  7,805 ","  23,036 ","  3,488 ","  1,776 ","  1,292 ","  14,504 ","  3,464 ","  17,080 ","  31,977 ","  10,882 ","  19,856 ","  40,141 ","  2,353 ","  1,895 ","  10,405 ","  18,553 ","  51,011 ","  8,341 ","  18,484 ","  5,200 ","  4,140 ","  14,500 ","  12,048 ","  3,409 ","  1,766 "
2014,"  2,022 ","  8,548 ","  9,942 ","  67,791 ","  19,112 ","  9,745 ","  47,754 ","  41,251 ","  17,451 ",  748 ,"  38,599 ","  2,008 ","  1,443 ","  3,217 ","  15,550 ","  38,365 ","  9,229 ","  18,805 ","  5,988 ","  15,252 ","  11,780 ","  14,930 ",  561 ,"  43,801 ","  59,776 ","  21,338 ","  12,515 ","  2,995 ","  2,657 ",  785 ,"  6,428 ","  12,982 ","  1,647 ","  6,262 ","  13,242 ","  25,809 ","  7,628 ","  24,115 ","  27,030 ","  44,133 ","  2,823 ","  9,507 ","  44,216 ","  13,012 ","  13,760 ","  11,016 ","  11,136 ","  30,842 ","  23,983 ","  1,489 ","  36,908 ","  36,819 ","  17,098 ","  36,522 ","  10,308 ","  3,628 ","  1,399 ","  1,743 ","  1,355 ","  41,907 ","  22,592 ","  6,978 ","  46,942 ","  4,620 ","  19,404 ","  1,749 ","  22,119 ","  10,051 ","  5,524 ","  50,732 ","  17,450 ","  12,560 ","  38,463 ","  30,906 ","  33,311 ","  7,198 ","  9,766 ","  36,440 ","  23,820 ","  2,853 ","  4,644 ","  2,983 ","  34,573 ","  79,103 ","  5,251 ","  13,586 ",  884 ,"  15,154 ","  10,035 ","  10,438 ","  2,644 ","  23,273 ","  54,100 ","  21,169 ","  7,715 ","  5,744 ","  1,354 ","  15,884 ","  11,968 ","  1,506 ","  27,008 ","  4,685 ","  16,437 ","  12,283 ","  1,049 ","  3,459 ","  18,192 ","  1,143 ","  21,769 ","  9,135 ",  884 ,"  5,551 ","  4,685 ","  44,246 ","  82,311 ","  2,421 ","  33,591 ","  48,528 ","  4,751 ","  19,855 ","  11,390 ","  6,761 ","  23,248 ","  34,787 ","  1,791 ","  24,442 ","  8,048 ","  4,939 ","  157,713 ","  18,487 ","  24,135 ","  1,601 ","  50,791 ","  3,031 ","  2,192 ","  66,499 ","  2,007 ","  7,935 ","  12,718 ","  3,474 ","  18,281 ","  23,453 ","  25,639 ","  42,347 ","  7,927 ","  24,250 ","  3,384 ","  1,830 ","  1,334 ","  14,572 ","  3,632 ","  17,537 ","  32,878 ","  11,085 ","  20,557 ","  41,931 ","  2,436 ","  1,941 ","  9,817 ","  19,104 ","  51,797 ","  8,832 ","  17,579 ","  5,465 ","  4,019 ","  14,627 ","  12,034 ","  3,461 ","  1,789 "
2015,"  1,928 ","  8,320 ","  10,193 ","  71,320 ","  19,424 ","  10,076 ","  48,146 ","  41,256 ","  17,464 ",  694 ,"  39,160 ","  2,055 ","  1,457 ","  3,402 ","  16,186 ","  38,370 ","  9,639 ","  18,123 ","  6,176 ","  14,584 ","  11,849 ","  13,980 ",  576 ,"  43,762 ","  60,071 ","  21,574 ","  13,325 ","  3,182 ","  2,718 ",  807 ,"  6,079 ","  13,237 ","  1,696 ","  6,266 ","  13,558 ","  27,145 ","  7,889 ","  25,082 ","  28,438 ","  44,405 ","  2,941 ","  9,319 ","  44,941 ","  13,765 ","  14,008 ","  10,879 ","  11,313 ","  32,057 ","  24,474 ","  1,601 ","  36,987 ","  37,078 ","  17,180 ","  37,101 ","  10,630 ","  3,611 ","  1,364 ","  1,786 ","  1,393 ","  37,822 ","  22,696 ","  7,127 ","  47,654 ","  4,706 ","  20,026 ","  1,742 ","  22,993 ","  10,432 ","  5,870 ","  53,197 ","  16,923 ","  12,575 ","  39,757 ","  31,050 ","  33,621 ","  7,268 ","  9,307 ","  37,053 ","  23,783 ","  2,921 ","  4,773 ","  3,150 ","  35,358 ","  78,261 ","  5,559 ","  12,983 ",  865 ,"  14,721 ","  10,185 ","  10,784 ","  2,710 ","  23,969 ","  54,251 ","  22,179 ","  7,960 ","  5,784 ","  1,361 ","  16,235 ","  12,413 ","  1,556 ","  28,906 ","  4,985 ","  17,249 ","  12,398 ","  1,090 ","  3,424 ","  18,828 ","  1,144 ","  22,550 ","  9,334 ",  888 ,"  5,558 ","  4,866 ","  44,913 ","  82,984 ","  2,455 ","  34,248 ","  49,927 ","  4,890 ","  20,723 ","  11,714 ","  7,070 ","  24,285 ","  35,384 ","  1,763 ","  24,984 ","  8,188 ","  5,003 ","  159,800 ","  19,162 ","  23,608 ","  1,708 ","  51,942 ","  3,088 ","  2,262 ","  67,674 ","  1,563 ","  8,109 ","  13,014 ","  3,545 ","  17,920 ","  24,648 ","  26,186 ","  43,782 ","  7,969 ","  25,690 ","  3,464 ","  1,802 ","  1,370 ","  14,961 ","  3,784 ","  17,857 ","  32,481 ","  11,063 ","  21,519 ","  42,438 ","  2,506 ","  2,027 ","  8,959 ","  19,124 ","  52,808 ","  9,381 ","  16,333 ","  5,776 ","  2,821 ","  14,971 ","  12,010 ","  3,454 ","  1,799 "
2016,"  1,931 ","  7,819 ","  10,547 ","  74,293 ","  18,820 ","  10,113 ","  48,675 ","  41,545 ","  16,771 ",  705 ,"  39,457 ","  2,062 ","  1,500 ","  3,599 ","  16,796 ","  38,805 ","  9,966 ","  17,702 ","  6,338 ","  13,991 ","  12,125 ","  14,752 ",  593 ,"  43,702 ","  60,648 ","  21,716 ","  14,139 ","  3,329 ","  2,758 ",  783 ,"  5,315 ","  13,367 ","  1,706 ","  6,461 ","  13,959 ","  27,733 ","  7,928 ","  26,608 ","  29,098 ","  45,030 ","  3,085 ","  9,567 ","  46,019 ","  14,530 ","  14,198 ","  10,604 ","  11,458 ","  33,003 ","  25,196 ","  1,722 ","  37,924 ","  37,344 ","  16,995 ","  37,594 ","  10,945 ","  3,641 ","  1,473 ","  1,770 ","  1,443 ","  33,207 ","  22,680 ","  7,187 ","  48,385 ","  4,803 ","  20,915 ","  1,749 ","  23,569 ","  10,850 ","  6,326 ","  53,687 ","  17,738 ","  14,174 ","  41,683 ","  31,823 ","  34,120 ","  7,381 ","  9,149 ","  37,385 ","  23,732 ","  2,975 ","  4,925 ","  3,312 ","  36,255 ","  79,289 ","  5,860 ","  13,074 ",  844 ,"  14,219 ","  10,487 ","  11,236 ","  2,775 ","  24,887 ","  55,516 ","  22,913 ","  7,912 ","  6,103 ","  1,379 ","  16,705 ","  12,753 ","  1,603 ","  29,207 ","  5,253 ","  17,777 ","  12,314 ","  1,103 ","  3,377 ","  19,525 ","  1,139 ","  23,252 ","  9,153 ",  904 ,"  5,337 ","  5,016 ","  45,654 ","  83,213 ","  2,443 ","  34,880 ","  51,383 ","  5,031 ","  21,445 ","  12,132 ","  7,464 ","  25,021 ","  35,595 ","  1,821 ","  25,569 ","  8,439 ","  5,317 ","  160,051 ","  19,826 ","  23,610 ","  1,775 ","  51,959 ","  3,140 ","  2,336 ","  69,211 ","  1,622 ","  8,289 ","  13,519 ","  3,629 ","  17,987 ","  25,088 ","  27,005 ","  44,131 ","  7,993 ","  28,589 ","  3,381 ","  1,648 ","  1,413 ","  15,412 ","  3,979 ","  17,485 ","  30,158 ","  11,064 ","  21,937 ","  43,262 ","  2,593 ","  1,953 ","  9,222 ","  19,394 ","  53,301 ","  9,845 ","  13,429 ","  6,090 ","  2,495 ","  15,537 ","  11,908 ","  3,477 ","  1,783 "
2017,"  1,910 ","  7,536 ","  10,958 ","  73,973 ","  19,151 ","  10,895 ","  49,002 ","  42,217 ","  16,647 ",  715 ,"  39,941 ","  2,116 ","  1,548 ","  3,809 ","  17,386 ","  39,553 ","  10,306 ","  18,193 ","  6,503 ","  14,063 ","  12,157 ","  15,122 ",  608 ,"  44,494 ","  60,903 ","  21,709 ","  15,030 ","  3,450 ","  2,780 ",  785 ,"  4,977 ","  13,381 ","  1,765 ","  6,677 ","  14,373 ","  28,926 ","  8,075 ","  27,873 ","  30,531 ","  46,065 ","  3,198 ","  8,878 ","  47,022 ","  15,054 ","  14,150 ","  10,715 ","  11,546 ","  33,924 ","  26,662 ","  1,840 ","  39,043 ","  38,037 ","  16,576 ","  38,284 ","  11,479 ","  3,842 ","  1,584 ","  1,806 ","  1,492 ","  30,207 ","  22,973 ","  7,280 ","  49,841 ","  4,949 ","  21,852 ","  1,768 ","  24,641 ","  11,292 ","  6,639 ","  55,466 ","  18,416 ","  13,404 ","  42,419 ","  32,550 ","  34,755 ","  7,433 ","  9,186 ","  38,079 ","  24,397 ","  3,021 ","  5,104 ","  3,489 ","  37,296 ","  74,427 ","  6,168 ","  13,209 ",  848 ,"  18,456 ","  10,796 ","  11,868 ","  2,654 ","  26,318 ","  55,037 ","  23,894 ","  8,223 ","  6,426 ","  1,398 ","  16,900 ","  12,878 ","  1,643 ","  31,495 ","  5,504 ","  18,640 ","  12,728 ","  1,114 ","  3,495 ","  20,260 ","  1,153 ","  24,302 ","  8,883 ",  914 ,"  5,249 ","  5,174 ","  46,706 ","  84,601 ","  2,632 ","  35,574 ","  50,503 ","  5,190 ","  22,331 ","  12,390 ","  7,866 ","  26,310 ","  35,248 ","  1,749 ","  26,530 ","  8,741 ","  5,270 ","  153,819 ","  23,004 ","  24,014 ","  1,799 ","  50,593 ","  3,069 ","  2,436 ","  72,292 ","  1,643 ","  8,454 ","  13,877 ","  3,707 ","  18,369 ","  25,789 ","  28,289 ","  44,658 ","  8,092 ","  30,072 ","  3,422 ","  1,556 ","  1,434 ","  15,995 ","  4,192 ","  18,104 ","  28,618 ","  11,194 ","  23,279 ","  44,618 ","  2,683 ","  1,999 ","  9,478 ","  19,657 ","  54,152 ","  10,183 ","  11,364 ","  6,438 ","  2,315 ","  16,129 ","  11,868 ","  3,490 ","  1,844 "
2018,"  1,889 ","  7,180 ","  11,427 ","  74,206 ","  18,461 ","  11,490 ","  49,614 ","  43,032 ","  16,753 ",  731 ,"  40,472 ","  2,192 ","  1,605 ","  4,057 ","  17,982 ","  39,501 ","  10,719 ","  18,809 ","  6,679 ","  14,198 ","  12,030 ","  15,516 ",  619 ,"  45,088 ","  62,185 ","  22,176 ","  15,977 ","  3,498 ","  2,815 ",  797 ,"  4,638 ","  13,486 ","  1,802 ","  6,849 ","  14,583 ","  29,843 ","  8,263 ","  29,090 ","  31,405 ","  46,377 ","  3,308 ","  9,153 ","  47,717 ","  15,945 ","  14,084 ","  10,717 ","  11,895 ","  34,554 ","  27,596 ","  1,937 ","  39,431 ","  38,555 ","  16,254 ","  38,705 ","  12,036 ","  3,983 ","  1,642 ","  1,886 ","  1,512 ","  27,354 ","  23,404 ","  7,399 ","  50,848 ","  5,052 ","  22,678 ","  1,773 ","  25,996 ","  11,768 ","  7,046 ","  58,083 ","  18,155 ","  13,725 ","  43,321 ","  33,227 ","  35,150 ","  7,569 ","  9,175 ","  38,404 ","  25,143 ","  3,120 ","  5,226 ","  3,692 ","  38,214 ","  75,164 ","  6,455 ","  13,237 ",  842 ,"  19,505 ","  11,061 ","  12,052 ","  2,583 ","  27,631 ","  54,626 ","  25,040 ","  8,386 ","  6,760 ","  1,407 ","  17,055 ","  13,238 ","  1,674 ","  32,293 ","  5,803 ","  19,617 ","  13,420 ","  1,123 ","  3,567 ","  21,041 ","  1,173 ","  25,176 ","  8,805 ",  943 ,"  5,215 ","  4,930 ","  47,529 ","  84,740 ","  2,801 ","  36,420 ","  50,135 ","  5,299 ","  22,844 ","  12,678 ","  8,235 ","  27,881 ","  34,190 ","  1,669 ","  27,330 ","  8,916 ","  5,218 ","  152,454 ","  24,000 ","  24,690 ","  1,908 ","  50,906 ","  2,909 ","  2,515 ","  74,518 ","  1,660 ","  8,645 ","  14,580 ","  3,757 ","  18,907 ","  26,791 ","  29,461 ","  45,003 ","  8,219 ","  31,525 ","  3,419 ","  1,541 ","  1,466 ","  16,610 ","  4,440 ","  18,064 ","  27,863 ","  11,376 ","  23,650 ","  45,818 ","  2,785 ","  2,036 ","  9,827 ","  19,698 ","  55,455 ","  10,682 ","  9,446 ","  6,842 ","  2,282 ","  16,825 ","  11,873 ","  3,522 ","  1,900 "
2019,"  2,032 ","  6,887 ","  11,715 ","  74,396 ","  17,913 ","  12,399 ","  49,815 ","  43,489 ","  17,030 ",  739 ,"  41,156 ","  2,276 ","  1,651 ","  4,243 ","  18,841 ","  39,500 ","  11,048 ","  19,130 ","  6,731 ","  14,258 ","  12,040 ","  15,747 ",  624 ,"  45,284 ","  62,449 ","  21,924 ","  16,880 ","  3,703 ","  2,832 ",  806 ,"  4,583 ","  13,604 ","  1,832 ","  7,297 ","  14,775 ","  30,607 ","  8,258 ","  30,285 ","  32,227 ","  46,762 ","  3,437 ","  9,575 ","  48,239 ","  16,587 ","  14,000 ","  10,587 ","  12,300 ","  34,957 ","  28,506 ","  2,031 ","  39,875 ","  39,085 ","  16,450 ","  39,113 ","  12,632 ","  4,143 ","  1,691 ","  1,952 ","  1,543 ","  25,006 ","  23,870 ","  7,566 ","  49,631 ","  5,100 ","  23,590 ","  1,719 ","  27,272 ","  12,250 ","  7,294 ","  59,734 ","  17,400 ","  14,204 ","  43,137 ","  33,952 ","  35,407 ","  7,641 ","  9,166 ","  38,333 ","  26,026 ","  3,207 ","  5,413 ","  3,897 ","  38,936 ","  73,748 ","  6,706 ","  12,855 ",  807 ,"  16,972 ","  10,978 ","  11,940 ","  2,514 ","  28,986 ","  54,752 ","  25,859 ","  8,541 ","  7,078 ","  1,434 ","  16,802 ","  13,751 ","  1,706 ","  33,220 ","  6,141 ","  20,449 ","  13,871 ","  1,119 ","  3,659 ","  21,625 ","  1,205 ","  25,986 ","  8,568 ",  964 ,"  5,197 ","  4,722 ","  48,143 ","  85,115 ","  2,954 ","  36,912 ","  48,597 ","  5,220 ","  23,218 ","  12,680 ","  8,602 ","  29,142 ","  35,041 ","  1,667 ","  28,056 ","  8,776 ","  5,177 ","  150,732 ","  23,268 ","  25,244 ","  2,043 ","  50,123 ","  2,757 ","  2,560 ","  74,650 ","  1,707 ","  8,850 ","  15,293 ","  3,781 ","  19,369 ","  27,429 ","  30,229 ","  45,434 ","  8,375 ","  32,746 ","  3,385 ","  1,544 ","  1,502 ","  16,905 ","  4,696 ","  17,264 ","  27,583 ","  11,452 ","  23,498 ","  47,200 ","  2,895 ","  2,129 ","  10,140 ","  19,714 ","  56,469 ","  11,219 ","  7,062 ","  7,266 ","  2,265 ","  17,524 ","  11,740 ","  3,466 ","  1,753 "
2020,"  1,928 ","  6,280 ","  11,373 ","  70,188 ","  15,976 ","  11,546 ","  48,269 ","  40,503 ","  16,190 ",  720 ,"  38,763 ","  2,298 ","  1,639 ","  4,419 ","  18,204 ","  36,891 ","  10,736 ","  19,053 ","  6,062 ","  13,686 ","  10,487 ","  14,163 ",  614 ,"  42,494 ","  60,521 ","  20,206 ","  17,226 ","  3,682 ","  2,769 ",  794 ,"  4,203 ","  12,377 ","  1,870 ","  5,832 ","  13,996 ","  29,043 ","  7,364 ","  28,634 ","  30,365 ","  44,996 ","  3,427 ","  7,974 ","  47,171 ","  15,326 ","  13,086 ","  9,646 ","  12,235 ","  30,835 ","  28,262 ","  2,122 ","  38,872 ","  35,914 ","  15,746 ","  34,651 ","  11,771 ","  4,069 ","  1,727 ","  1,914 ","  1,531 ","  23,300 ","  21,767 ","  7,309 ","  46,550 ","  4,568 ","  21,672 ","  1,642 ","  26,091 ","  11,895 ","  6,731 ","  55,135 ","  17,296 ","  11,717 ","  39,368 ","  32,731 ","  32,385 ","  6,880 ","  8,896 ","  36,827 ","  25,124 ","  3,130 ","  4,899 ","  3,728 ","  38,607 ","  66,366 ","  6,824 ","  10,183 ",  768 ,"  11,742 ","  8,165 ","  11,447 ","  2,297 ","  28,972 ","  53,489 ","  25,453 ","  7,849 ","  6,561 ","  1,301 ","  15,254 ","  13,126 ","  1,639 ","  29,704 ","  6,283 ","  17,356 ","  12,990 ","  1,077 ","  3,532 ","  18,446 ","  1,187 ","  24,279 ","  7,735 ",  963 ,"  4,976 ","  4,575 ","  46,014 ","  83,543 ","  2,833 ","  35,854 ","  46,133 ","  5,243 ","  18,841 ","  11,137 ","  7,624 ","  28,577 ","  33,787 ","  1,584 ","  25,700 ","  8,603 ","  4,491 ","  143,119 ","  24,800 ","  24,625 ","  1,935 ","  46,724 ","  2,587 ","  2,524 ","  71,965 ","  1,636 ","  8,138 ","  15,256 ","  3,826 ","  18,851 ","  26,468 ","  28,733 ","  44,128 ","  8,168 ","  29,647 ","  2,904 ","  1,464 ","  1,483 ","  15,816 ","  4,828 ","  16,581 ","  25,549 ","  10,354 ","  23,722 ","  48,779 ","  2,948 ","  2,032 ","  9,770 ","  18,460 ","  54,379 ","  11,342 ","  4,953 ","  7,395 ","  2,031 ","  16,758 ","  10,839 ","  3,271 ","  1,586 "